IDPasoCalcular,IDSubDeterminacion,TipoOperacion,ArgumentoNumerico,ArgumentoIDSubDete
465,254,INGRESAR SUBDET,0,252
466,254,INGRESAR SUBDET,0,253
467,254,RESTAR,0,0
468,272,INGRESAR SUBDET,0,270
469,272,INGRESAR SUBDET,0,271
470,272,RESTAR,0,0
471,273,INGRESAR SUBDET,0,271
472,273,INGRESAR SUBDET,0,272
473,273,DIVIDIR,0,0
811,1404,INGRESAR SUBDET,0,1403
812,1404,INGRESAR SUBDET,0,1402
813,1404,MULTIPLICAR,0,0
814,1404,INGRESAR NUMERO,100,0
815,1404,DIVIDIR,0,0
816,1406,INGRESAR SUBDET,0,1405
817,1406,INGRESAR SUBDET,0,1402
818,1406,MULTIPLICAR,0,0
819,1406,INGRESAR NUMERO,100,0
820,1406,DIVIDIR,0,0
821,1408,INGRESAR SUBDET,0,1407
822,1408,INGRESAR SUBDET,0,1402
823,1408,MULTIPLICAR,0,0
824,1408,INGRESAR NUMERO,100,0
825,1408,DIVIDIR,0,0
826,1409,INGRESAR NUMERO,0,0
827,1410,INGRESAR NUMERO,0,0
828,1412,INGRESAR SUBDET,0,1402
829,1412,INGRESAR SUBDET,0,1411
830,1412,MULTIPLICAR,0,0
831,1412,INGRESAR NUMERO,100,0
832,1412,DIVIDIR,0,0
833,1414,INGRESAR SUBDET,0,1402
834,1414,INGRESAR SUBDET,0,1413
835,1414,MULTIPLICAR,0,0
836,1414,INGRESAR NUMERO,100,0
837,1414,DIVIDIR,0,0
838,1417,INGRESAR SUBDET,0,1403
839,1417,INGRESAR SUBDET,0,1405
840,1417,SUMAR,0,0
841,1417,INGRESAR SUBDET,0,1407
842,1417,SUMAR,0,0
843,1417,INGRESAR SUBDET,0,1409
844,1417,SUMAR,0,0
845,1417,INGRESAR SUBDET,0,1411
846,1417,SUMAR,0,0
847,1417,INGRESAR SUBDET,0,1413
848,1417,SUMAR,0,0
849,1398,INGRESAR SUBDET,0,1399
850,1398,INGRESAR NUMERO,110000,0
851,1398,MULTIPLICAR,0,0
868,1478,INGRESAR SUBDET,0,1473
869,1478,INGRESAR SUBDET,0,1474
870,1478,DIVIDIR,0,0
871,1472,INGRESAR SUBDET,0,1465
872,1472,INGRESAR SUBDET,0,1466
873,1472,DIVIDIR,0,0
988,1485,INGRESAR SUBDET,0,1480
989,1485,INGRESAR SUBDET,0,1481
990,1485,DIVIDIR,0,0
991,1882,INGRESAR SUBDET,0,1883
992,1882,INGRESAR NUMERO,110000,0
993,1882,MULTIPLICAR,0,0
994,1885,INGRESAR SUBDET,0,1884
995,1885,INGRESAR SUBDET,0,1883
996,1885,DIVIDIR,0,0
997,1885,INGRESAR NUMERO,100,0
998,1885,MULTIPLICAR,0,0
999,1888,INGRESAR SUBDET,0,1887
1000,1888,INGRESAR SUBDET,0,1886
1001,1888,MULTIPLICAR,0,0
1002,1888,INGRESAR NUMERO,100,0
1003,1888,DIVIDIR,0,0
1004,1890,INGRESAR SUBDET,0,1889
1005,1890,INGRESAR SUBDET,0,1886
1006,1890,MULTIPLICAR,0,0
1007,1890,INGRESAR NUMERO,100,0
1008,1890,DIVIDIR,0,0
1009,1892,INGRESAR SUBDET,0,1891
1010,1892,INGRESAR SUBDET,0,1886
1011,1892,MULTIPLICAR,0,0
1012,1892,INGRESAR NUMERO,100,0
1013,1892,DIVIDIR,0,0
1014,1893,INGRESAR NUMERO,0,0
1015,1894,INGRESAR SUBDET,0,1893
1016,1894,INGRESAR SUBDET,0,1886
1017,1894,MULTIPLICAR,0,0
1018,1894,INGRESAR NUMERO,100,0
1019,1894,DIVIDIR,0,0
1020,1896,INGRESAR SUBDET,0,1895
1021,1896,INGRESAR SUBDET,0,1886
1022,1896,MULTIPLICAR,0,0
1023,1896,INGRESAR NUMERO,100,0
1024,1896,DIVIDIR,0,0
1025,1898,INGRESAR SUBDET,0,1897
1026,1898,INGRESAR SUBDET,0,1886
1027,1898,MULTIPLICAR,0,0
1028,1898,INGRESAR NUMERO,100,0
1029,1898,DIVIDIR,0,0
1030,1899,INGRESAR SUBDET,0,1887
1031,1899,INGRESAR SUBDET,0,1889
1032,1899,SUMAR,0,0
1033,1899,INGRESAR SUBDET,0,1891
1034,1899,SUMAR,0,0
1035,1899,INGRESAR SUBDET,0,1895
1036,1899,SUMAR,0,0
1037,1899,INGRESAR SUBDET,0,1897
1038,1899,SUMAR,0,0
1042,1914,INGRESAR SUBDET,0,1915
1043,1914,INGRESAR SUBDET,0,1913
1044,1914,RESTAR,0,0
1519,2301,INGRESAR SUBDET,,2299
1520,2301,INGRESAR SUBDET,,2300
1521,2301,MULTIPLICAR,,
1522,2301,INGRESAR NUMERO,100,
1523,2301,DIVIDIR,,
1524,2303,INGRESAR SUBDET,,2299
1525,2303,INGRESAR SUBDET,,2302
1526,2303,MULTIPLICAR,,
1527,2303,INGRESAR NUMERO,100,
1528,2303,DIVIDIR,,
1529,2305,INGRESAR SUBDET,,2299
1530,2305,INGRESAR SUBDET,,2304
1531,2305,MULTIPLICAR,,
1532,2305,INGRESAR NUMERO,100,
1533,2305,DIVIDIR,,
1534,2306,INGRESAR NUMERO,0,
1535,2307,INGRESAR NUMERO,0,
1536,2309,INGRESAR SUBDET,,2299
1537,2309,INGRESAR SUBDET,,2308
1538,2309,MULTIPLICAR,,
1539,2309,INGRESAR NUMERO,100,
1540,2309,DIVIDIR,,
1541,2311,INGRESAR SUBDET,,2299
1542,2311,INGRESAR SUBDET,,2310
1543,2311,MULTIPLICAR,,
1544,2311,INGRESAR NUMERO,100,
1545,2311,DIVIDIR,,
1546,2312,INGRESAR SUBDET,,2300
1547,2312,SUMAR,,
1548,2312,INGRESAR SUBDET,,2302
1549,2312,SUMAR,,
1550,2312,INGRESAR SUBDET,,2304
1551,2312,SUMAR,,
1552,2312,INGRESAR SUBDET,,2308
1553,2312,SUMAR,,
1554,2312,INGRESAR SUBDET,,2310
1555,2312,SUMAR,,
1862,2513,INGRESAR SUBDET,,2511
1863,2513,INGRESAR SUBDET,,2512
1864,2513,MULTIPLICAR,,
1865,2513,INGRESAR NUMERO,100,
1866,2513,DIVIDIR,,
1867,2515,INGRESAR SUBDET,,2511
1868,2515,INGRESAR SUBDET,,2514
1869,2515,MULTIPLICAR,,
1870,2515,INGRESAR NUMERO,100,
1871,2515,DIVIDIR,,
1872,2517,INGRESAR SUBDET,,2511
1873,2517,INGRESAR SUBDET,,2516
1874,2517,MULTIPLICAR,,
1875,2517,INGRESAR NUMERO,100,
1876,2517,DIVIDIR,,
1877,2518,INGRESAR NUMERO,0,
1878,2519,INGRESAR NUMERO,0,
1879,2521,INGRESAR SUBDET,,2511
1880,2521,INGRESAR SUBDET,,2520
1881,2521,MULTIPLICAR,,
1882,2521,INGRESAR NUMERO,100,
1883,2521,DIVIDIR,,
1884,2523,INGRESAR SUBDET,,2511
1885,2523,INGRESAR SUBDET,,2522
1886,2523,MULTIPLICAR,,
1887,2523,INGRESAR NUMERO,100,
1888,2523,DIVIDIR,,
1889,2524,INGRESAR SUBDET,,2512
1890,2524,INGRESAR SUBDET,,2514
1891,2524,SUMAR,,
1892,2524,INGRESAR SUBDET,,2516
1893,2524,SUMAR,,
1894,2524,INGRESAR SUBDET,,2520
1895,2524,SUMAR,,
1896,2524,INGRESAR SUBDET,,2522
1897,2524,SUMAR,,
1898,2620,INGRESAR SUBDET,,2618
1899,2620,INGRESAR SUBDET,,2619
1900,2620,MULTIPLICAR,,
1901,2620,INGRESAR NUMERO,405,
1902,2620,DIVIDIR,,
1903,2634,INGRESAR SUBDET,,2632
1904,2634,INGRESAR SUBDET,,2633
1905,2634,MULTIPLICAR,,
1906,2634,INGRESAR NUMERO,100,
1907,2634,DIVIDIR,,
1908,2636,INGRESAR SUBDET,,2632
1909,2636,INGRESAR SUBDET,,2635
1910,2636,MULTIPLICAR,,
1911,2636,INGRESAR NUMERO,100,
1912,2636,DIVIDIR,,
1913,2638,INGRESAR SUBDET,,2632
1914,2638,INGRESAR SUBDET,,2637
1915,2638,MULTIPLICAR,,
1916,2638,INGRESAR NUMERO,100,
1917,2638,DIVIDIR,,
1918,2639,INGRESAR NUMERO,0,
1919,2640,INGRESAR NUMERO,0,
1920,2642,INGRESAR SUBDET,,2632
1921,2642,INGRESAR SUBDET,,2641
1922,2642,MULTIPLICAR,,
1923,2642,INGRESAR NUMERO,100,
1924,2642,DIVIDIR,,
1925,2644,INGRESAR SUBDET,,2632
1926,2644,INGRESAR SUBDET,,2643
1927,2644,MULTIPLICAR,,
1928,2644,INGRESAR NUMERO,100,
1929,2644,DIVIDIR,,
1930,2645,INGRESAR SUBDET,,2633
1931,2645,INGRESAR SUBDET,,2635
1932,2645,SUMAR,,
1933,2645,INGRESAR SUBDET,,2637
1934,2645,SUMAR,,
1935,2645,INGRESAR SUBDET,,2641
1936,2645,SUMAR,,
1937,2645,INGRESAR SUBDET,,2643
1938,2645,SUMAR,,
1939,2624,INGRESAR SUBDET,,2622
1940,2624,INGRESAR SUBDET,,2621
1941,2624,DIVIDIR,,
1942,2624,INGRESAR NUMERO,10000000,
1943,2624,MULTIPLICAR,,
1944,2625,INGRESAR SUBDET,,2623
1945,2625,INGRESAR SUBDET,,2621
1946,2625,DIVIDIR,,
1947,2625,INGRESAR NUMERO,10000000,
1948,2625,MULTIPLICAR,,
1949,2626,INGRESAR SUBDET,,2623
1950,2626,INGRESAR SUBDET,,2622
1951,2626,DIVIDIR,,
1952,2626,INGRESAR NUMERO,100,
1953,2626,MULTIPLICAR,,
1954,2691,INGRESAR SUBDET,0,2689
1955,2691,INGRESAR SUBDET,0,2690
1956,2691,RESTAR,0,0
1957,2692,INGRESAR SUBDET,0,2690
1958,2692,INGRESAR SUBDET,0,2691
1959,2692,DIVIDIR,0,0
1963,2700,INGRESAR SUBDET,0,2701
1964,2700,INGRESAR SUBDET,0,2699
1965,2700,RESTAR,0,0
1966,2706,INGRESAR SUBDET,0,2707
1967,2706,INGRESAR SUBDET,0,2705
1968,2706,RESTAR,0,0
2017,2811,INGRESAR SUBDET,,2809
2018,2811,INGRESAR SUBDET,,2810
2019,2811,RESTAR,,
2020,2817,INGRESAR SUBDET,0,2810
2021,2817,INGRESAR SUBDET,0,2811
2022,2817,DIVIDIR,0,0
2023,2967,INGRESAR SUBDET,,2965
2024,2967,INGRESAR SUBDET,,2966
2025,2967,MULTIPLICAR,,
2026,2967,INGRESAR NUMERO,100,
2027,2967,DIVIDIR,,
2028,2969,INGRESAR SUBDET,,2965
2029,2969,INGRESAR SUBDET,,2968
2030,2969,MULTIPLICAR,,
2031,2969,INGRESAR NUMERO,100,
2032,2969,DIVIDIR,,
2033,2971,INGRESAR SUBDET,,2965
2034,2971,INGRESAR SUBDET,,2970
2035,2971,MULTIPLICAR,,
2036,2971,INGRESAR NUMERO,100,
2037,2971,DIVIDIR,,
2038,2972,INGRESAR NUMERO,0,
2039,2973,INGRESAR NUMERO,0,
2040,2975,INGRESAR SUBDET,,2965
2041,2975,INGRESAR SUBDET,,2974
2042,2975,MULTIPLICAR,,
2043,2975,INGRESAR NUMERO,100,
2044,2975,DIVIDIR,,
2045,2977,INGRESAR SUBDET,,2965
2046,2977,INGRESAR SUBDET,,2976
2047,2977,MULTIPLICAR,,
2048,2977,INGRESAR NUMERO,100,
2049,2977,DIVIDIR,,
2050,2978,INGRESAR SUBDET,,2966
2051,2978,INGRESAR SUBDET,,2968
2052,2978,SUMAR,,
2053,2978,INGRESAR SUBDET,,2970
2054,2978,SUMAR,,
2055,2978,INGRESAR SUBDET,,2974
2056,2978,SUMAR,,
2057,2978,INGRESAR SUBDET,,2976
2058,2978,SUMAR,,
2059,2983,INGRESAR SUBDET,0,2981
2060,2983,INGRESAR SUBDET,0,2982
2061,2983,RESTAR,0,0
2062,2984,INGRESAR SUBDET,0,2982
2063,2984,INGRESAR SUBDET,0,2983
2064,2984,DIVIDIR,0,0
2065,2986,INGRESAR SUBDET,0,2987
2066,2986,INGRESAR SUBDET,0,2985
2067,2986,RESTAR,0,0
2068,3004,INGRESAR SUBDET,,3002
2069,3004,INGRESAR SUBDET,,3001
2070,3004,DIVIDIR,,
2071,3004,INGRESAR NUMERO,10000000,
2072,3004,MULTIPLICAR,,
2073,3005,INGRESAR SUBDET,,3003
2074,3005,INGRESAR SUBDET,,3001
2075,3005,DIVIDIR,,
2076,3005,INGRESAR NUMERO,10000000,
2077,3005,MULTIPLICAR,,
2078,3006,INGRESAR SUBDET,,3003
2079,3006,INGRESAR SUBDET,,3002
2080,3006,DIVIDIR,,
2081,3006,INGRESAR NUMERO,100,
2082,3006,MULTIPLICAR,,
2083,3014,INGRESAR SUBDET,,3012
2084,3014,INGRESAR SUBDET,,3013
2085,3014,MULTIPLICAR,,
2086,3014,INGRESAR NUMERO,100,
2087,3014,DIVIDIR,,
2088,3016,INGRESAR SUBDET,,3012
2089,3016,INGRESAR SUBDET,,3015
2090,3016,MULTIPLICAR,,
2091,3016,INGRESAR NUMERO,100,
2092,3016,DIVIDIR,,
2093,3018,INGRESAR SUBDET,,3012
2094,3018,INGRESAR SUBDET,,3017
2095,3018,MULTIPLICAR,,
2096,3018,INGRESAR NUMERO,100,
2097,3018,DIVIDIR,,
2098,3019,INGRESAR NUMERO,0,
2099,3020,INGRESAR NUMERO,0,
2100,3022,INGRESAR SUBDET,,3012
2101,3022,INGRESAR SUBDET,,3021
2102,3022,MULTIPLICAR,,
2103,3022,INGRESAR NUMERO,100,
2104,3022,DIVIDIR,,
2105,3024,INGRESAR SUBDET,,3012
2106,3024,INGRESAR SUBDET,,3023
2107,3024,MULTIPLICAR,,
2108,3024,INGRESAR NUMERO,100,
2109,3024,DIVIDIR,,
2110,3025,INGRESAR SUBDET,,3013
2111,3025,INGRESAR SUBDET,,3015
2112,3025,SUMAR,,
2113,3025,INGRESAR SUBDET,,3017
2114,3025,SUMAR,,
2115,3025,INGRESAR SUBDET,,3021
2116,3025,SUMAR,,
2117,3025,INGRESAR SUBDET,,3023
2118,3025,SUMAR,,
2128,3035,INGRESAR SUBDET,,3033
2129,3035,INGRESAR SUBDET,,3032
2130,3035,DIVIDIR,,
2131,3035,INGRESAR NUMERO,10000000,
2132,3035,MULTIPLICAR,,
2133,3036,INGRESAR SUBDET,,3034
2134,3036,INGRESAR SUBDET,,3032
2135,3036,DIVIDIR,,
2136,3036,INGRESAR NUMERO,10000000,
2137,3036,MULTIPLICAR,,
2138,3037,INGRESAR SUBDET,,3034
2139,3037,INGRESAR SUBDET,,3033
2140,3037,DIVIDIR,,
2141,3037,INGRESAR NUMERO,100,
2142,3037,MULTIPLICAR,,
2143,3044,INGRESAR SUBDET,,3042
2144,3044,INGRESAR SUBDET,,3043
2145,3044,MULTIPLICAR,,
2146,3044,INGRESAR NUMERO,100,
2147,3044,DIVIDIR,,
2148,3046,INGRESAR SUBDET,,3042
2149,3046,INGRESAR SUBDET,,3045
2150,3046,MULTIPLICAR,,
2151,3046,INGRESAR NUMERO,100,
2152,3046,DIVIDIR,,
2153,3048,INGRESAR SUBDET,,3042
2154,3048,INGRESAR SUBDET,,3047
2155,3048,MULTIPLICAR,,
2156,3048,INGRESAR NUMERO,100,
2157,3048,DIVIDIR,,
2158,3049,INGRESAR NUMERO,0,
2159,3050,INGRESAR NUMERO,0,
2160,3052,INGRESAR SUBDET,,3042
2161,3052,INGRESAR SUBDET,,3051
2162,3052,MULTIPLICAR,,
2163,3052,INGRESAR NUMERO,100,
2164,3052,DIVIDIR,,
2165,3054,INGRESAR SUBDET,,3042
2166,3054,INGRESAR SUBDET,,3053
2167,3054,MULTIPLICAR,,
2168,3054,INGRESAR NUMERO,100,
2169,3054,DIVIDIR,,
2170,3055,INGRESAR SUBDET,,3043
2171,3055,INGRESAR SUBDET,,3045
2172,3055,SUMAR,,
2173,3055,INGRESAR SUBDET,,3047
2174,3055,SUMAR,,
2175,3055,INGRESAR SUBDET,,3051
2176,3055,SUMAR,,
2177,3055,INGRESAR SUBDET,,3053
2178,3055,SUMAR,,
2179,3069,INGRESAR SUBDET,,3067
2180,3069,INGRESAR SUBDET,,3066
2181,3069,DIVIDIR,,
2182,3069,INGRESAR NUMERO,10000000,
2183,3069,MULTIPLICAR,,
2184,3070,INGRESAR SUBDET,,3068
2185,3070,INGRESAR SUBDET,,3066
2186,3070,DIVIDIR,,
2187,3070,INGRESAR NUMERO,10000000,
2188,3070,MULTIPLICAR,,
2189,3071,INGRESAR SUBDET,,3068
2190,3071,INGRESAR SUBDET,,3067
2191,3071,DIVIDIR,,
2192,3071,INGRESAR NUMERO,100,
2193,3071,MULTIPLICAR,,
2194,3077,INGRESAR SUBDET,,3075
2195,3077,INGRESAR SUBDET,,3076
2196,3077,MULTIPLICAR,,
2197,3077,INGRESAR NUMERO,100,
2198,3077,DIVIDIR,,
2199,3079,INGRESAR SUBDET,,3075
2200,3079,INGRESAR SUBDET,,3078
2201,3079,MULTIPLICAR,,
2202,3079,INGRESAR NUMERO,100,
2203,3079,DIVIDIR,,
2204,3081,INGRESAR SUBDET,,3075
2205,3081,INGRESAR SUBDET,,3080
2206,3081,MULTIPLICAR,,
2207,3081,INGRESAR NUMERO,100,
2208,3081,DIVIDIR,,
2209,3082,INGRESAR NUMERO,0,
2210,3083,INGRESAR NUMERO,0,
2211,3085,INGRESAR SUBDET,,3075
2212,3085,INGRESAR SUBDET,,3084
2213,3085,MULTIPLICAR,,
2214,3085,INGRESAR NUMERO,100,
2215,3085,DIVIDIR,,
2216,3087,INGRESAR SUBDET,,3075
2217,3087,INGRESAR SUBDET,,3086
2218,3087,MULTIPLICAR,,
2219,3087,INGRESAR NUMERO,100,
2220,3087,DIVIDIR,,
2221,3088,INGRESAR SUBDET,,3076
2222,3088,INGRESAR SUBDET,,3078
2223,3088,SUMAR,,
2224,3088,INGRESAR SUBDET,,3080
2225,3088,SUMAR,,
2226,3088,INGRESAR SUBDET,,3084
2227,3088,SUMAR,,
2228,3088,INGRESAR SUBDET,,3086
2229,3088,SUMAR,,
2230,3093,INGRESAR SUBDET,0,3091
2231,3093,INGRESAR SUBDET,0,3092
2232,3093,RESTAR,0,0
2243,3105,INGRESAR SUBDET,,3103
2244,3105,INGRESAR SUBDET,,3104
2245,3105,DIVIDIR,,
2246,3109,INGRESAR SUBDET,,3107
2247,3109,INGRESAR SUBDET,,3106
2248,3109,DIVIDIR,,
2249,3109,INGRESAR NUMERO,10000000,
2250,3109,MULTIPLICAR,,
2251,3110,INGRESAR SUBDET,,3108
2252,3110,INGRESAR SUBDET,,3106
2253,3110,DIVIDIR,,
2254,3110,INGRESAR NUMERO,10000000,
2255,3110,MULTIPLICAR,,
2256,3111,INGRESAR SUBDET,,3108
2257,3111,INGRESAR SUBDET,,3107
2258,3111,DIVIDIR,,
2259,3111,INGRESAR NUMERO,100,
2260,3111,MULTIPLICAR,,
2261,3117,INGRESAR SUBDET,,3115
2262,3117,INGRESAR SUBDET,,3116
2263,3117,MULTIPLICAR,,
2264,3117,INGRESAR NUMERO,100,
2265,3117,DIVIDIR,,
2266,3119,INGRESAR SUBDET,,3115
2267,3119,INGRESAR SUBDET,,3118
2268,3119,MULTIPLICAR,,
2269,3119,INGRESAR NUMERO,100,
2270,3119,DIVIDIR,,
2271,3121,INGRESAR SUBDET,,3115
2272,3121,INGRESAR SUBDET,,3120
2273,3121,MULTIPLICAR,,
2274,3121,INGRESAR NUMERO,100,
2275,3121,DIVIDIR,,
2276,3122,INGRESAR NUMERO,0,
2277,3123,INGRESAR NUMERO,0,
2278,3125,INGRESAR SUBDET,,3115
2279,3125,INGRESAR SUBDET,,3124
2280,3125,MULTIPLICAR,,
2281,3125,INGRESAR NUMERO,100,
2282,3125,DIVIDIR,,
2283,3127,INGRESAR SUBDET,,3115
2284,3127,INGRESAR SUBDET,,3126
2285,3127,MULTIPLICAR,,
2286,3127,INGRESAR NUMERO,100,
2287,3127,DIVIDIR,,
2288,3128,INGRESAR SUBDET,,3116
2289,3128,INGRESAR SUBDET,,3118
2290,3128,SUMAR,,
2291,3128,INGRESAR SUBDET,,3120
2292,3128,SUMAR,,
2293,3128,INGRESAR SUBDET,,3124
2294,3128,SUMAR,,
2295,3128,INGRESAR SUBDET,,3126
2296,3128,SUMAR,,
2297,3131,INGRESAR SUBDET,,3129
2298,3131,INGRESAR SUBDET,,3130
2299,3131,DIVIDIR,,
2300,3134,INGRESAR SUBDET,,3132
2301,3134,INGRESAR SUBDET,,3133
2302,3134,DIVIDIR,,
2303,3139,INGRESAR SUBDET,0,3137
2304,3139,INGRESAR SUBDET,0,3138
2305,3139,RESTAR,0,0
2306,3141,INGRESAR SUBDET,0,3142
2307,3141,INGRESAR SUBDET,0,3140
2308,3141,RESTAR,0,0
2309,3176,INGRESAR SUBDET,,3174
2310,3176,INGRESAR SUBDET,,3175
2311,3176,DIVIDIR,,
2318,3277,INGRESAR SUBDET,0,3270
2319,3277,INGRESAR SUBDET,0,3271
2320,3277,DIVIDIR,0,0
2324,3312,INGRESAR SUBDET,0,3307
2325,3312,INGRESAR SUBDET,0,3308
2326,3312,DIVIDIR,0,0
2349,3310,INGRESAR SUBDET,,3307
2350,3310,INGRESAR SUBDET,,3308
2351,3310,RESTAR,,
2352,3310,INGRESAR SUBDET,,3314
2353,3310,INGRESAR NUMERO,0,
2354,3310,DIVIDIR,,
2355,3310,RESTAR,,
2363,3318,INGRESAR SUBDET,0,3315
2364,3318,INGRESAR SUBDET,0,3316
2365,3318,DIVIDIR,0,0
2367,3317,INGRESAR SUBDET,,3315
2368,3317,INGRESAR NUMERO,0,
2369,3317,INGRESAR SUBDET,,3316
2370,3317,INGRESAR NUMERO,0,
2371,3317,RESTAR,,
2372,3317,INGRESAR NUMERO,0,
2373,3317,INGRESAR SUBDET,,3319
2374,3317,INGRESAR NUMERO,0,
2375,3317,DIVIDIR,,
2376,3317,RESTAR,,
2387,3323,INGRESAR SUBDET,0,3320
2388,3323,INGRESAR SUBDET,0,3321
2389,3323,DIVIDIR,0,0
2390,3322,INGRESAR SUBDET,,3320
2391,3322,INGRESAR SUBDET,,3321
2392,3322,RESTAR,,
2393,3322,INGRESAR SUBDET,,3324
2394,3322,DIVIDIR,,
2395,3322,RESTAR,,
2396,3329,INGRESAR SUBDET,0,3327
2397,3329,INGRESAR SUBDET,0,3328
2398,3329,RESTAR,0,0
2399,3330,INGRESAR SUBDET,0,3328
2400,3330,INGRESAR SUBDET,0,3329
2401,3330,DIVIDIR,0,0
2407,3353,INGRESAR SUBDET,,3352
2408,3353,INGRESAR SUBDET,,3351
2409,3353,DIVIDIR,,
2410,3353,INGRESAR NUMERO,100,
2411,3353,MULTIPLICAR,,
2412,3363,INGRESAR SUBDET,,3183
2413,3363,INGRESAR SUBDET,,3362
2414,3363,DIVIDIR,,
2439,3364,INGRESAR NUMERO,5,
2440,3364,INGRESAR SUBDET,,3365
2441,3364,DIVIDIR,,
2454,3488,INGRESAR SUBDET,,3485
2455,3488,INGRESAR SUBDET,,3486
2456,3488,DIVIDIR,,
2457,3487,INGRESAR SUBDET,,3485
2458,3487,INGRESAR SUBDET,,3486
2459,3487,RESTAR,,
2460,3487,INGRESAR SUBDET,,3489
2461,3487,INGRESAR NUMERO,5,
2462,3487,DIVIDIR,,
2463,3487,RESTAR,,
2464,3491,INGRESAR SUBDET,0,3492
2465,3491,INGRESAR SUBDET,0,3490
2466,3491,RESTAR,0,0
2467,3663,INGRESAR SUBDET,,3661
2468,3663,INGRESAR SUBDET,,3660
2469,3663,DIVIDIR,,
2470,3663,INGRESAR NUMERO,10000000,
2471,3663,MULTIPLICAR,,
2472,3664,INGRESAR SUBDET,,3662
2473,3664,INGRESAR SUBDET,,3660
2474,3664,DIVIDIR,,
2475,3664,INGRESAR NUMERO,10000000,
2476,3664,MULTIPLICAR,,
2477,3665,INGRESAR SUBDET,,3662
2478,3665,INGRESAR SUBDET,,3661
2479,3665,DIVIDIR,,
2480,3665,INGRESAR NUMERO,100,
2481,3665,MULTIPLICAR,,
2482,3668,INGRESAR SUBDET,,3666
2483,3668,INGRESAR SUBDET,,3667
2484,3668,MULTIPLICAR,,
2485,3668,INGRESAR NUMERO,100,
2486,3668,DIVIDIR,,
2487,3670,INGRESAR SUBDET,,3666
2488,3670,INGRESAR SUBDET,,3669
2489,3670,MULTIPLICAR,,
2490,3670,INGRESAR NUMERO,100,
2491,3670,DIVIDIR,,
2492,3672,INGRESAR SUBDET,,3666
2493,3672,INGRESAR SUBDET,,3671
2494,3672,MULTIPLICAR,,
2495,3672,INGRESAR NUMERO,100,
2496,3672,DIVIDIR,,
2497,3673,INGRESAR NUMERO,0,
2498,3674,INGRESAR NUMERO,0,
2499,3676,INGRESAR SUBDET,,3666
2500,3676,INGRESAR SUBDET,,3675
2501,3676,MULTIPLICAR,,
2502,3676,INGRESAR NUMERO,100,
2503,3676,DIVIDIR,,
2504,3678,INGRESAR SUBDET,,3666
2505,3678,INGRESAR SUBDET,,3677
2506,3678,MULTIPLICAR,,
2507,3678,INGRESAR NUMERO,100,
2508,3678,DIVIDIR,,
2509,3679,INGRESAR SUBDET,,3667
2510,3679,INGRESAR SUBDET,,3669
2511,3679,SUMAR,,
2512,3679,INGRESAR SUBDET,,3671
2513,3679,SUMAR,,
2514,3679,INGRESAR SUBDET,,3675
2515,3679,SUMAR,,
2516,3679,INGRESAR SUBDET,,3677
2517,3679,SUMAR,,
2522,3707,INGRESAR SUBDET,,3708
2523,3707,INGRESAR SUBDET,,3706
2524,3707,RESTAR,,
2525,3715,INGRESAR SUBDET,,3713
2526,3715,INGRESAR SUBDET,,3712
2527,3715,DIVIDIR,,
2528,3715,INGRESAR NUMERO,10000000,
2529,3715,MULTIPLICAR,,
2533,3716,INGRESAR SUBDET,,3714
2534,3716,INGRESAR SUBDET,,3712
2535,3716,DIVIDIR,,
2536,3716,INGRESAR NUMERO,10000000,
2537,3716,MULTIPLICAR,,
2538,3717,INGRESAR SUBDET,,3714
2539,3717,INGRESAR SUBDET,,3713
2540,3717,DIVIDIR,,
2541,3717,INGRESAR NUMERO,100,
2542,3717,MULTIPLICAR,,
2543,3725,INGRESAR SUBDET,,3719
2544,3725,INGRESAR SUBDET,,3720
2545,3725,INGRESAR SUBDET,,3721
2546,3725,INGRESAR SUBDET,,3722
2547,3725,INGRESAR SUBDET,,3723
2548,3725,INGRESAR SUBDET,,3724
2549,3725,SUMAR,,
2590,3930,INGRESAR SUBDET,,3928
2591,3930,INGRESAR SUBDET,,3927
2592,3930,DIVIDIR,,
2593,3930,INGRESAR NUMERO,10000000,
2594,3930,MULTIPLICAR,,
2595,3931,INGRESAR SUBDET,,3929
2596,3931,INGRESAR SUBDET,,3927
2597,3931,DIVIDIR,,
2598,3931,INGRESAR NUMERO,10000000,
2599,3931,MULTIPLICAR,,
2600,3932,INGRESAR SUBDET,,3929
2601,3932,INGRESAR SUBDET,,3928
2602,3932,DIVIDIR,,
2603,3932,INGRESAR NUMERO,100,
2604,3932,MULTIPLICAR,,
2605,3935,INGRESAR SUBDET,,3933
2606,3935,INGRESAR SUBDET,,3934
2607,3935,MULTIPLICAR,,
2608,3935,INGRESAR NUMERO,100,
2609,3935,DIVIDIR,,
2610,3937,INGRESAR SUBDET,,3933
2611,3937,INGRESAR SUBDET,,3936
2612,3937,MULTIPLICAR,,
2613,3937,INGRESAR NUMERO,100,
2614,3937,DIVIDIR,,
2615,3939,INGRESAR SUBDET,,3933
2616,3939,INGRESAR SUBDET,,3938
2617,3939,MULTIPLICAR,,
2618,3939,INGRESAR NUMERO,100,
2619,3939,DIVIDIR,,
2620,3940,INGRESAR NUMERO,0,
2621,3941,INGRESAR NUMERO,0,
2622,3943,INGRESAR SUBDET,,3933
2623,3943,INGRESAR SUBDET,,3942
2624,3943,MULTIPLICAR,,
2625,3943,INGRESAR NUMERO,100,
2626,3943,DIVIDIR,,
2627,3945,INGRESAR SUBDET,,3933
2628,3945,INGRESAR SUBDET,,3944
2629,3945,MULTIPLICAR,,
2630,3945,INGRESAR NUMERO,100,
2631,3945,DIVIDIR,,
2632,3946,INGRESAR SUBDET,,3934
2633,3946,INGRESAR SUBDET,,3936
2634,3946,SUMAR,,
2635,3946,INGRESAR SUBDET,,3938
2636,3946,SUMAR,,
2637,3946,INGRESAR SUBDET,,3942
2638,3946,SUMAR,,
2639,3946,INGRESAR SUBDET,,3944
2640,3946,SUMAR,,
2641,3953,INGRESAR SUBDET,,3951
2642,3953,INGRESAR SUBDET,,3950
2643,3953,DIVIDIR,,
2644,3953,INGRESAR NUMERO,10000000,
2645,3953,MULTIPLICAR,,
2646,3954,INGRESAR SUBDET,,3952
2647,3954,INGRESAR SUBDET,,3950
2648,3954,DIVIDIR,,
2649,3954,INGRESAR NUMERO,10000000,
2650,3954,MULTIPLICAR,,
2651,3955,INGRESAR SUBDET,,3952
2652,3955,INGRESAR SUBDET,,3951
2653,3955,DIVIDIR,,
2654,3955,INGRESAR NUMERO,100,
2655,3955,MULTIPLICAR,,
2656,3958,INGRESAR SUBDET,,3956
2657,3958,INGRESAR SUBDET,,3957
2658,3958,MULTIPLICAR,,
2659,3958,INGRESAR NUMERO,100,
2660,3958,DIVIDIR,,
2661,3960,INGRESAR SUBDET,,3956
2662,3960,INGRESAR SUBDET,,3959
2663,3960,MULTIPLICAR,,
2664,3960,INGRESAR NUMERO,100,
2665,3960,DIVIDIR,,
2666,3962,INGRESAR SUBDET,,3956
2667,3962,INGRESAR SUBDET,,3961
2668,3962,MULTIPLICAR,,
2669,3962,INGRESAR NUMERO,100,
2670,3962,DIVIDIR,,
2671,3963,INGRESAR NUMERO,0,
2672,3964,INGRESAR NUMERO,0,
2673,3966,INGRESAR SUBDET,,3956
2674,3966,INGRESAR SUBDET,,3965
2675,3966,MULTIPLICAR,,
2676,3966,INGRESAR NUMERO,100,
2677,3966,DIVIDIR,,
2678,3968,INGRESAR SUBDET,,3956
2679,3968,INGRESAR SUBDET,,3967
2680,3968,MULTIPLICAR,,
2681,3968,INGRESAR NUMERO,100,
2682,3968,DIVIDIR,,
2683,3969,INGRESAR SUBDET,,3957
2684,3969,INGRESAR SUBDET,,3959
2685,3969,SUMAR,,
2686,3969,INGRESAR SUBDET,,3961
2687,3969,SUMAR,,
2688,3969,INGRESAR SUBDET,,3965
2689,3969,SUMAR,,
2690,3969,INGRESAR SUBDET,,3967
2691,3969,SUMAR,,
2703,4281,INGRESAR SUBDET,,4277
2704,4281,INGRESAR NUMERO,12.6,
2705,4281,DIVIDIR,,
2706,4286,INGRESAR SUBDET,,4282
2707,4286,INGRESAR NUMERO,12.6,
2708,4286,DIVIDIR,,
2722,4283,INGRESAR NUMERO,480,
2723,4283,INGRESAR SUBDET,,4282
2724,4283,INGRESAR NUMERO,7.8000002,
2725,4283,RESTAR,,
2726,4283,DIVIDIR,,
2742,4406,INGRESAR SUBDET,,4407
2743,4406,INGRESAR SUBDET,,4408
2744,4406,DIVIDIR,,
2745,4406,INGRESAR NUMERO,1000,
2746,4406,MULTIPLICAR,,
2747,4542,INGRESAR SUBDET,,4540
2748,4542,INGRESAR SUBDET,,4539
2749,4542,DIVIDIR,,
2750,4542,INGRESAR NUMERO,10000000,
2751,4542,MULTIPLICAR,,
2752,4543,INGRESAR SUBDET,,4541
2753,4543,INGRESAR SUBDET,,4539
2754,4543,DIVIDIR,,
2755,4543,INGRESAR NUMERO,10000000,
2756,4543,MULTIPLICAR,,
2757,4544,INGRESAR SUBDET,,4541
2758,4544,INGRESAR SUBDET,,4540
2759,4544,DIVIDIR,,
2760,4544,INGRESAR NUMERO,100,
2761,4544,MULTIPLICAR,,
2762,4556,INGRESAR SUBDET,,4557
2763,4556,INGRESAR SUBDET,,4555
2764,4556,RESTAR,,
2765,4603,INGRESAR SUBDET,,4601
2766,4603,INGRESAR SUBDET,,4600
2767,4603,DIVIDIR,,
2768,4603,INGRESAR NUMERO,10000000,
2769,4603,MULTIPLICAR,,
2770,4604,INGRESAR SUBDET,,4602
2771,4604,INGRESAR SUBDET,,4600
2772,4604,DIVIDIR,,
2773,4604,INGRESAR NUMERO,10000000,
2774,4604,MULTIPLICAR,,
2775,4605,INGRESAR SUBDET,,4602
2776,4605,INGRESAR SUBDET,,4601
2777,4605,DIVIDIR,,
2778,4605,INGRESAR NUMERO,100,
2779,4605,MULTIPLICAR,,
2780,4620,INGRESAR SUBDET,,4618
2781,4620,INGRESAR SUBDET,,4617
2782,4620,DIVIDIR,,
2783,4620,INGRESAR NUMERO,10000000,
2784,4620,MULTIPLICAR,,
2785,4621,INGRESAR SUBDET,,4619
2786,4621,INGRESAR SUBDET,,4617
2787,4621,DIVIDIR,,
2788,4621,INGRESAR NUMERO,10000000,
2789,4621,MULTIPLICAR,,
2790,4622,INGRESAR SUBDET,,4619
2791,4622,INGRESAR SUBDET,,4618
2792,4622,DIVIDIR,,
2793,4622,INGRESAR NUMERO,100,
2794,4622,MULTIPLICAR,,
2795,4625,INGRESAR SUBDET,,4623
2796,4625,INGRESAR SUBDET,,4624
2797,4625,MULTIPLICAR,,
2798,4625,INGRESAR NUMERO,100,
2799,4625,DIVIDIR,,
2800,4627,INGRESAR SUBDET,,4623
2801,4627,INGRESAR SUBDET,,4626
2802,4627,MULTIPLICAR,,
2803,4627,INGRESAR NUMERO,100,
2804,4627,DIVIDIR,,
2805,4629,INGRESAR SUBDET,,4623
2806,4629,INGRESAR SUBDET,,4628
2807,4629,MULTIPLICAR,,
2808,4629,INGRESAR NUMERO,100,
2809,4629,DIVIDIR,,
2810,4630,INGRESAR NUMERO,0,
2811,4631,INGRESAR NUMERO,0,
2812,4633,INGRESAR SUBDET,,4623
2813,4633,INGRESAR SUBDET,,4632
2814,4633,MULTIPLICAR,,
2815,4633,INGRESAR NUMERO,100,
2816,4633,DIVIDIR,,
2817,4635,INGRESAR SUBDET,,4623
2818,4635,INGRESAR SUBDET,,4634
2819,4635,MULTIPLICAR,,
2820,4635,INGRESAR NUMERO,100,
2821,4635,DIVIDIR,,
2822,4636,INGRESAR SUBDET,,4624
2823,4636,INGRESAR SUBDET,,4626
2824,4636,SUMAR,,
2825,4636,INGRESAR SUBDET,,4628
2826,4636,SUMAR,,
2827,4636,INGRESAR SUBDET,,4632
2828,4636,SUMAR,,
2829,4636,INGRESAR SUBDET,,4634
2830,4636,SUMAR,,
2831,4645,INGRESAR SUBDET,,4643
2832,4645,INGRESAR SUBDET,,4642
2833,4645,DIVIDIR,,
2834,4645,INGRESAR NUMERO,10000000,
2835,4645,MULTIPLICAR,,
2836,4646,INGRESAR SUBDET,,4644
2837,4646,INGRESAR SUBDET,,4642
2838,4646,DIVIDIR,,
2839,4646,INGRESAR NUMERO,10000000,
2840,4646,MULTIPLICAR,,
2841,4647,INGRESAR SUBDET,,4644
2842,4647,INGRESAR SUBDET,,4643
2843,4647,DIVIDIR,,
2844,4647,INGRESAR NUMERO,100,
2845,4647,MULTIPLICAR,,
2846,4655,INGRESAR SUBDET,,4649
2847,4655,INGRESAR SUBDET,,4650
2848,4655,INGRESAR SUBDET,,4651
2849,4655,INGRESAR SUBDET,,4652
2850,4655,INGRESAR SUBDET,,4653
2851,4655,INGRESAR SUBDET,,4654
2852,4655,SUMAR,,
2853,4662,INGRESAR SUBDET,,4660
2854,4662,INGRESAR SUBDET,,4659
2855,4662,DIVIDIR,,
2856,4662,INGRESAR NUMERO,10000000,
2857,4662,MULTIPLICAR,,
2858,4663,INGRESAR SUBDET,,4661
2859,4663,INGRESAR SUBDET,,4659
2860,4663,DIVIDIR,,
2861,4663,INGRESAR NUMERO,10000000,
2862,4663,MULTIPLICAR,,
2863,4664,INGRESAR SUBDET,,4661
2864,4664,INGRESAR SUBDET,,4660
2865,4664,DIVIDIR,,
2866,4664,INGRESAR NUMERO,100,
2867,4664,MULTIPLICAR,,
2868,4672,INGRESAR SUBDET,,4666
2869,4672,INGRESAR SUBDET,,4667
2870,4672,INGRESAR SUBDET,,4668
2871,4672,INGRESAR SUBDET,,4669
2872,4672,INGRESAR SUBDET,,4670
2873,4672,INGRESAR SUBDET,,4671
2874,4672,SUMAR,,
2879,4934,INGRESAR SUBDET,,4928
2880,4934,INGRESAR SUBDET,,4929
2881,4934,SUMAR,,
2882,4934,INGRESAR SUBDET,,4930
2883,4934,SUMAR,,
2884,4934,INGRESAR SUBDET,,4932
2885,4934,SUMAR,,
2886,4934,INGRESAR SUBDET,,4933
2887,4934,SUMAR,,
2888,4931,INGRESAR NUMERO,0,
2894,4923,INGRESAR SUBDET,,4921
2895,4923,INGRESAR SUBDET,,4920
2896,4923,DIVIDIR,,
2897,4923,INGRESAR NUMERO,10000000,
2898,4923,MULTIPLICAR,,
2926,4926,INGRESAR SUBDET,,4922
2927,4926,INGRESAR SUBDET,,4921
2928,4926,DIVIDIR,,
2929,4926,INGRESAR NUMERO,100,
2930,4926,MULTIPLICAR,,
2931,4924,INGRESAR SUBDET,,4922
2932,4924,INGRESAR SUBDET,,4920
2933,4924,DIVIDIR,,
2934,4924,INGRESAR NUMERO,10000000,
2935,4924,MULTIPLICAR,,
2936,5007,INGRESAR SUBDET,,5005
2937,5007,INGRESAR SUBDET,,5004
2938,5007,DIVIDIR,,
2939,5007,INGRESAR NUMERO,10000000,
2940,5007,MULTIPLICAR,,
2941,5008,INGRESAR SUBDET,,5006
2942,5008,INGRESAR SUBDET,,5004
2943,5008,DIVIDIR,,
2944,5008,INGRESAR NUMERO,10000000,
2945,5008,MULTIPLICAR,,
2946,5009,INGRESAR SUBDET,,5006
2947,5009,INGRESAR SUBDET,,5005
2948,5009,DIVIDIR,,
2949,5009,INGRESAR NUMERO,100,
2950,5009,MULTIPLICAR,,
2976,5014,INGRESAR SUBDET,,5010
2977,5014,INGRESAR SUBDET,,5013
2978,5014,MULTIPLICAR,,
2979,5014,INGRESAR NUMERO,100,
2980,5014,DIVIDIR,,
2981,5016,INGRESAR SUBDET,,5010
2982,5016,INGRESAR SUBDET,,5015
2983,5016,MULTIPLICAR,,
2984,5016,INGRESAR NUMERO,100,
2985,5016,DIVIDIR,,
2992,5017,INGRESAR NUMERO,0,
2993,5020,INGRESAR SUBDET,,5010
2994,5020,INGRESAR SUBDET,,5019
2995,5020,MULTIPLICAR,,
2996,5020,INGRESAR NUMERO,100,
2997,5020,DIVIDIR,,
3014,5023,INGRESAR SUBDET,,5011
3015,5023,INGRESAR SUBDET,,5013
3016,5023,SUMAR,,
3017,5023,INGRESAR SUBDET,,5015
3018,5023,SUMAR,,
3019,5023,INGRESAR SUBDET,,5019
3020,5023,SUMAR,,
3021,5023,INGRESAR SUBDET,,5021
3022,5023,SUMAR,,
3024,5012,INGRESAR SUBDET,,5010
3025,5012,INGRESAR SUBDET,,5011
3026,5012,MULTIPLICAR,,
3027,5012,INGRESAR NUMERO,100,
3028,5012,DIVIDIR,,
3029,5018,INGRESAR NUMERO,0,
3034,5022,INGRESAR SUBDET,,5010
3035,5022,INGRESAR SUBDET,,5021
3036,5022,MULTIPLICAR,,
3037,5022,INGRESAR NUMERO,100,
3038,5022,DIVIDIR,,
3054,5051,INGRESAR SUBDET,,5050
3055,5051,INGRESAR NUMERO,32.200001,
3056,5051,DIVIDIR,,
3067,5074,INGRESAR NUMERO,610,
3068,5074,INGRESAR SUBDET,,5073
3069,5074,INGRESAR NUMERO,6.8000002,
3070,5074,RESTAR,,
3071,5074,DIVIDIR,,
3072,5077,INGRESAR SUBDET,,5073
3073,5077,INGRESAR NUMERO,12.9,
3074,5077,DIVIDIR,,
3111,5119,INGRESAR SUBDET,,5117
3112,5119,INGRESAR NUMERO,0.94800001,
3113,5119,DIVIDIR,,
3114,5119,INGRESAR SUBDET,,5118
3115,5119,INGRESAR NUMERO,0.97100002,
3116,5119,DIVIDIR,,
3117,5119,RESTAR,,
3118,5119,INGRESAR SUBDET,,5121
3119,5119,INGRESAR NUMERO,8.5600004,
3120,5119,DIVIDIR,,
3121,5119,INGRESAR SUBDET,,5117
3122,5119,INGRESAR SUBDET,,5118
3123,5119,RESTAR,,
3124,5119,INGRESAR SUBDET,,5121
3125,5119,MULTIPLICAR,,
3126,5119,INGRESAR NUMERO,2140,
3127,5119,DIVIDIR,,
3128,5119,SUMAR,,
3129,5119,INGRESAR SUBDET,,5121
3130,5119,INGRESAR SUBDET,,5121
3131,5119,MULTIPLICAR,,
3132,5119,INGRESAR NUMERO,16100,
3133,5119,DIVIDIR,,
3134,5119,RESTAR,,
3135,5119,RESTAR,,
3136,5119,INGRESAR NUMERO,9.4399996,
3137,5119,RESTAR,,
3138,5122,INGRESAR SUBDET,,5117
3139,5122,INGRESAR SUBDET,,5118
3140,5122,RESTAR,,
3145,5133,INGRESAR SUBDET,,5134
3146,5133,INGRESAR SUBDET,,5135
3147,5133,DIVIDIR,,
3148,5133,INGRESAR NUMERO,100,
3149,5133,MULTIPLICAR,,
3155,5141,INGRESAR SUBDET,,5139
3156,5141,INGRESAR SUBDET,,5138
3157,5141,DIVIDIR,,
3158,5141,INGRESAR NUMERO,10000000,
3159,5141,MULTIPLICAR,,
3160,5142,INGRESAR SUBDET,,5140
3161,5142,INGRESAR SUBDET,,5138
3162,5142,DIVIDIR,,
3163,5142,INGRESAR NUMERO,10000000,
3164,5142,MULTIPLICAR,,
3165,5143,INGRESAR SUBDET,,5140
3166,5143,INGRESAR SUBDET,,5139
3167,5143,DIVIDIR,,
3168,5143,INGRESAR NUMERO,100,
3169,5143,MULTIPLICAR,,
3170,5146,INGRESAR SUBDET,,5144
3171,5146,INGRESAR SUBDET,,5145
3172,5146,MULTIPLICAR,,
3173,5146,INGRESAR NUMERO,100,
3174,5146,DIVIDIR,,
3175,5148,INGRESAR SUBDET,,5144
3176,5148,INGRESAR SUBDET,,5147
3177,5148,MULTIPLICAR,,
3178,5148,INGRESAR NUMERO,100,
3179,5148,DIVIDIR,,
3180,5150,INGRESAR SUBDET,,5144
3181,5150,INGRESAR SUBDET,,5149
3182,5150,MULTIPLICAR,,
3183,5150,INGRESAR NUMERO,100,
3184,5150,DIVIDIR,,
3185,5154,INGRESAR SUBDET,,5144
3186,5154,INGRESAR SUBDET,,5153
3187,5154,MULTIPLICAR,,
3188,5154,INGRESAR NUMERO,100,
3189,5154,DIVIDIR,,
3190,5156,INGRESAR SUBDET,,5144
3191,5156,INGRESAR SUBDET,,5155
3192,5156,MULTIPLICAR,,
3193,5156,INGRESAR NUMERO,100,
3194,5156,DIVIDIR,,
3204,5145,INGRESAR NUMERO,1,
3205,5149,INGRESAR NUMERO,2,
3206,5155,INGRESAR SUBDET,,5161
3207,5155,INGRESAR NUMERO,3,
3208,5155,RESTAR,,
3209,5157,INGRESAR SUBDET,,5147
3210,5157,INGRESAR SUBDET,,5153
3211,5157,SUMAR,,
3212,5157,INGRESAR SUBDET,,5161
3213,5157,SUMAR,,
3214,5151,INGRESAR NUMERO,0,
3215,5152,INGRESAR NUMERO,0,
3219,5163,INGRESAR SUBDET,,5164
3220,5163,INGRESAR NUMERO,6,
3221,5163,MULTIPLICAR,,
3222,5163,INGRESAR SUBDET,,5165
3223,5163,INGRESAR NUMERO,3,
3224,5163,DIVIDIR,,
3225,5163,RESTAR,,
3226,5163,INGRESAR SUBDET,,5165
3227,5163,INGRESAR NUMERO,6,
3228,5163,SUMAR,,
3229,5163,DIVIDIR,,